localhost,index,1.1
localhost,index,1.1.2
localhost,index,1.2.1
localhost,index,1.2.1.2
localhost,index,1.2.1.3
localhost,index,1.1.1
localhost,index,1.2
localhost,index,1.2.1.1
localhost,index,1
localhost,index,1.1.3
miradorhumadea.com,index,1.1
miradorhumadea.com,index,1.1.2
miradorhumadea.com,index,1.2.1
miradorhumadea.com,index,1.2.1.2
miradorhumadea.com,index,1.2.1.3
miradorhumadea.com,index,1.1.1
miradorhumadea.com,index,1.2
miradorhumadea.com,index,1.2.1.1
miradorhumadea.com,index,1
miradorhumadea.com,index,1.1.3
